{
    "ND": 0.6193411438512447,
    "RMSE": 0.9606356451556551,
    "test_loss": 9.16850471496582,
    "rou50": 0.6193411438512447,
    "rou90": 0.19494126661220207
}