{
    "ND": 0.1949212350585912,
    "RMSE": 0.3334959850914512,
    "test_loss": 2.4298791885375977,
    "rou50": 0.1949212350585912,
    "rou90": 0.07817483827439856
}