{
    "ND": 0.07466778589912364,
    "RMSE": 0.10232969375802192,
    "test_loss": 0.5944727659225464,
    "rou50": 0.07466778589912364,
    "rou90": 0.036596115673143303
}