{
    "ND": 0.06762921162427699,
    "RMSE": 0.09682766802080994,
    "test_loss": 0.46897050738334656,
    "rou50": 0.06762921162427699,
    "rou90": 0.03498623323059147
}