{
    "ND": 0.08751722426647701,
    "RMSE": 0.11545773429280712,
    "test_loss": 0.5647246241569519,
    "rou50": 0.08751722426647701,
    "rou90": 0.0428910092362888
}