{
    "ND": 0.07245937449291377,
    "RMSE": 0.10339861647887183,
    "test_loss": 0.3663007915019989,
    "rou50": 0.07245937449291377,
    "rou90": 0.04084772289843933
}